file,species
11447.jpg,Bird_of_paradise
7946.jpg,Bird_of_paradise
15420.jpg,Bird_of_paradise
5229.jpg,Bird_of_paradise
3217.jpg,Balloon_Flower
9113.jpg,Bird_of_paradise
18427.jpg,Bird_of_paradise
9712.jpg,Bird_of_paradise
147.jpg,Bird_of_paradise
2597.jpg,Balloon_Flower
15694.jpg,Bird_of_paradise
16233.jpg,Balloon_Flower
15743.jpg,Bird_of_paradise
6941.jpg,Balloon_Flower
18193.jpg,Bird_of_paradise
15742.jpg,Bird_of_paradise
1591.jpg,Bird_of_paradise
12999.jpg,Bird_of_paradise
15570.jpg,Bird_of_paradise
14033.jpg,Bird_of_paradise
17338.jpg,Bird_of_paradise
2083.jpg,Balloon_Flower
3248.jpg,Balloon_Flower
3195.jpg,Bird_of_paradise
1656.jpg,Balloon_Flower
219.jpg,Bird_of_paradise
2855.jpg,Balloon_Flower
2722.jpg,Balloon_Flower
14358.jpg,Balloon_Flower
5561.jpg,Bird_of_paradise
1652.jpg,Balloon_Flower
2047.jpg,Balloon_Flower
14308.jpg,Balloon_Flower
5945.jpg,Bird_of_paradise
3285.jpg,Bird_of_paradise
16858.jpg,Bird_of_paradise
8215.jpg,Bird_of_paradise
12316.jpg,Balloon_Flower
11092.jpg,Bird_of_paradise
16694.jpg,Balloon_Flower
1255.jpg,Bird_of_paradise
11279.jpg,Balloon_Flower
17544.jpg,Balloon_Flower
6540.jpg,Bird_of_paradise
9353.jpg,Balloon_Flower
6521.jpg,Balloon_Flower
9161.jpg,Bird_of_paradise
5181.jpg,Bird_of_paradise
13244.jpg,Balloon_Flower
6811.jpg,Balloon_Flower
1132.jpg,Bird_of_paradise
2048.jpg,Balloon_Flower
3498.jpg,Balloon_Flower
6302.jpg,Balloon_Flower
2434.jpg,Balloon_Flower
2455.jpg,Balloon_Flower
14738.jpg,Balloon_Flower
3261.jpg,Balloon_Flower
16535.jpg,Bird_of_paradise
3691.jpg,Bird_of_paradise
11870.jpg,Balloon_Flower
11909.jpg,Balloon_Flower
12400.jpg,Balloon_Flower
4486.jpg,Bird_of_paradise
16286.jpg,Balloon_Flower
4472.jpg,Balloon_Flower
10490.jpg,Bird_of_paradise
2465.jpg,Balloon_Flower
15020.jpg,Bird_of_paradise
4828.jpg,Bird_of_paradise
15447.jpg,Balloon_Flower
10532.jpg,Bird_of_paradise
11137.jpg,Balloon_Flower
9442.jpg,Bird_of_paradise
4107.jpg,Bird_of_paradise
6280.jpg,Bird_of_paradise
7400.jpg,Balloon_Flower
16768.jpg,Bird_of_paradise
18506.jpg,Bird_of_paradise
2842.jpg,Balloon_Flower
5052.jpg,Bird_of_paradise
17131.jpg,Bird_of_paradise
2304.jpg,Balloon_Flower
18472.jpg,Bird_of_paradise
7847.jpg,Balloon_Flower
4791.jpg,Bird_of_paradise
12271.jpg,Bird_of_paradise
11067.jpg,Balloon_Flower
10962.jpg,Bird_of_paradise
17495.jpg,Balloon_Flower
11470.jpg,Bird_of_paradise
3982.jpg,Bird_of_paradise
10290.jpg,Balloon_Flower
16215.jpg,Bird_of_paradise
14149.jpg,Balloon_Flower
11457.jpg,Bird_of_paradise
10614.jpg,Bird_of_paradise
3779.jpg,Balloon_Flower
5349.jpg,Bird_of_paradise
13352.jpg,Bird_of_paradise
17223.jpg,Balloon_Flower
14178.jpg,Balloon_Flower
10459.jpg,Balloon_Flower
14068.jpg,Bird_of_paradise
13561.jpg,Bird_of_paradise
6020.jpg,Bird_of_paradise
4082.jpg,Balloon_Flower
9651.jpg,Bird_of_paradise
7917.jpg,Balloon_Flower
8501.jpg,Bird_of_paradise
5935.jpg,Bird_of_paradise
13122.jpg,Bird_of_paradise
10603.jpg,Balloon_Flower
11207.jpg,Bird_of_paradise
10591.jpg,Bird_of_paradise
4839.jpg,Bird_of_paradise
5629.jpg,Bird_of_paradise
16960.jpg,Bird_of_paradise
7861.jpg,Balloon_Flower
13359.jpg,Bird_of_paradise
16421.jpg,Balloon_Flower
4793.jpg,Bird_of_paradise
4381.jpg,Bird_of_paradise
6018.jpg,Bird_of_paradise
15085.jpg,Bird_of_paradise
2984.jpg,Balloon_Flower
17716.jpg,Bird_of_paradise
11506.jpg,Bird_of_paradise
13520.jpg,Bird_of_paradise
14272.jpg,Bird_of_paradise
10514.jpg,Balloon_Flower
2844.jpg,Balloon_Flower
5624.jpg,Bird_of_paradise
16539.jpg,Balloon_Flower
12060.jpg,Bird_of_paradise
12847.jpg,Bird_of_paradise
7728.jpg,Balloon_Flower
8148.jpg,Balloon_Flower
11992.jpg,Balloon_Flower
17335.jpg,Balloon_Flower
1658.jpg,Balloon_Flower
1252.jpg,Bird_of_paradise
1995.jpg,Balloon_Flower
17756.jpg,Balloon_Flower
11857.jpg,Balloon_Flower
7806.jpg,Bird_of_paradise
5186.jpg,Bird_of_paradise
16611.jpg,Balloon_Flower
1287.jpg,Bird_of_paradise
13993.jpg,Balloon_Flower
11547.jpg,Bird_of_paradise
4396.jpg,Balloon_Flower
11945.jpg,Balloon_Flower
9036.jpg,Balloon_Flower
7328.jpg,Balloon_Flower
2865.jpg,Balloon_Flower
10555.jpg,Balloon_Flower
18292.jpg,Balloon_Flower
10443.jpg,Balloon_Flower
16290.jpg,Balloon_Flower
12146.jpg,Bird_of_paradise
2040.jpg,Balloon_Flower
11858.jpg,Balloon_Flower
6449.jpg,Bird_of_paradise
5545.jpg,Bird_of_paradise
12652.jpg,Balloon_Flower
4009.jpg,Balloon_Flower
11868.jpg,Balloon_Flower
14493.jpg,Bird_of_paradise
11135.jpg,Bird_of_paradise
2031.jpg,Balloon_Flower
17061.jpg,Balloon_Flower
12557.jpg,Bird_of_paradise
1299.jpg,Bird_of_paradise
2433.jpg,Balloon_Flower
14123.jpg,Bird_of_paradise
1421.jpg,Bird_of_paradise
14030.jpg,Balloon_Flower
4440.jpg,Balloon_Flower
8842.jpg,Bird_of_paradise
9854.jpg,Balloon_Flower
1642.jpg,Balloon_Flower
13015.jpg,Bird_of_paradise
7703.jpg,Balloon_Flower
5214.jpg,Bird_of_paradise
8443.jpg,Bird_of_paradise
4427.jpg,Balloon_Flower
10416.jpg,Balloon_Flower
14004.jpg,Balloon_Flower
17633.jpg,Balloon_Flower
16749.jpg,Balloon_Flower
14875.jpg,Balloon_Flower
16030.jpg,Bird_of_paradise
7237.jpg,Balloon_Flower
2294.jpg,Balloon_Flower
10585.jpg,Balloon_Flower
16188.jpg,Balloon_Flower
8254.jpg,Balloon_Flower
8827.jpg,Bird_of_paradise
11385.jpg,Bird_of_paradise
11420.jpg,Bird_of_paradise
15129.jpg,Bird_of_paradise
9635.jpg,Balloon_Flower
17518.jpg,Balloon_Flower
6815.jpg,King_Protea
6991.jpg,King_Protea
704.jpg,King_Protea
714.jpg,King_Protea
7171.jpg,King_Protea
7199.jpg,King_Protea
722.jpg,King_Protea
732.jpg,King_Protea
7320.jpg,King_Protea
7438.jpg,King_Protea
745.jpg,King_Protea
7494.jpg,King_Protea
754.jpg,King_Protea
7603.jpg,King_Protea
7624.jpg,King_Protea
7759.jpg,King_Protea
7983.jpg,King_Protea
8128.jpg,King_Protea
8209.jpg,King_Protea
8229.jpg,King_Protea
8244.jpg,King_Protea
862.jpg,King_Protea
8664.jpg,King_Protea
8667.jpg,King_Protea
8747.jpg,King_Protea
8887.jpg,King_Protea
8933.jpg,King_Protea
8949.jpg,King_Protea
9066.jpg,King_Protea
9180.jpg,King_Protea
9229.jpg,King_Protea
9281.jpg,King_Protea
9376.jpg,King_Protea
9473.jpg,King_Protea
953.jpg,King_Protea
9764.jpg,King_Protea
9817.jpg,King_Protea
9958.jpg,King_Protea
10028.jpg,Common_Dandelion
10047.jpg,Common_Dandelion
10325.jpg,Common_Dandelion
10566.jpg,Common_Dandelion
10569.jpg,Common_Dandelion
10626.jpg,Common_Dandelion
10730.jpg,Common_Dandelion
10846.jpg,Common_Dandelion
10926.jpg,Common_Dandelion
10943.jpg,Common_Dandelion
11050.jpg,Common_Dandelion
11120.jpg,Common_Dandelion
11126.jpg,Common_Dandelion
11202.jpg,Common_Dandelion
11237.jpg,Common_Dandelion
113.jpg,Common_Dandelion
11502.jpg,Common_Dandelion
11555.jpg,Common_Dandelion
11705.jpg,Common_Dandelion
11946.jpg,Common_Dandelion
11980.jpg,Common_Dandelion
11997.jpg,Common_Dandelion
12012.jpg,Common_Dandelion
12046.jpg,Common_Dandelion
12094.jpg,Common_Dandelion
12120.jpg,Common_Dandelion
12218.jpg,Common_Dandelion
12463.jpg,Common_Dandelion
12622.jpg,Common_Dandelion
12656.jpg,Common_Dandelion
12795.jpg,Common_Dandelion
12948.jpg,Common_Dandelion
13292.jpg,Common_Dandelion
13341.jpg,Common_Dandelion
13395.jpg,Common_Dandelion
13399.jpg,Common_Dandelion
13474.jpg,Common_Dandelion
13516.jpg,Common_Dandelion
13693.jpg,Common_Dandelion
13756.jpg,Common_Dandelion
13764.jpg,Common_Dandelion
13843.jpg,Common_Dandelion
13991.jpg,Common_Dandelion
14388.jpg,Common_Dandelion
14416.jpg,Common_Dandelion
14534.jpg,Common_Dandelion
14555.jpg,Common_Dandelion
14574.jpg,Common_Dandelion
14598.jpg,Common_Dandelion
14695.jpg,Common_Dandelion
15228.jpg,Common_Dandelion
15449.jpg,Common_Dandelion
15523.jpg,Common_Dandelion
15567.jpg,Common_Dandelion
15589.jpg,Common_Dandelion
1559.jpg,Common_Dandelion
1566.jpg,Common_Dandelion
15682.jpg,Common_Dandelion
15851.jpg,Common_Dandelion
15871.jpg,Common_Dandelion
15986.jpg,Common_Dandelion
16014.jpg,Common_Dandelion
16040.jpg,Common_Dandelion
16063.jpg,Common_Dandelion
16192.jpg,Common_Dandelion
16206.jpg,Common_Dandelion
16251.jpg,Common_Dandelion
16257.jpg,Common_Dandelion
16260.jpg,Common_Dandelion
16314.jpg,Common_Dandelion
16513.jpg,Common_Dandelion
16577.jpg,Common_Dandelion
16717.jpg,Common_Dandelion
16871.jpg,Common_Dandelion
16894.jpg,Common_Dandelion
17089.jpg,Common_Dandelion
17252.jpg,Common_Dandelion
17334.jpg,Common_Dandelion
17406.jpg,Common_Dandelion
1741.jpg,Common_Dandelion
1742.jpg,Common_Dandelion
17516.jpg,Common_Dandelion
17577.jpg,Common_Dandelion
17753.jpg,Common_Dandelion
17797.jpg,Common_Dandelion
17863.jpg,Common_Dandelion
17867.jpg,Common_Dandelion
18069.jpg,Common_Dandelion
18389.jpg,Common_Dandelion
18421.jpg,Common_Dandelion
18442.jpg,Common_Dandelion
18539.jpg,Common_Dandelion
1945.jpg,Common_Dandelion
1956.jpg,Common_Dandelion
1959.jpg,Common_Dandelion
2118.jpg,Common_Dandelion
2129.jpg,Common_Dandelion
2134.jpg,Common_Dandelion
2354.jpg,Common_Dandelion
2367.jpg,Common_Dandelion
2372.jpg,Common_Dandelion
2519.jpg,Common_Dandelion
2531.jpg,Common_Dandelion
2536.jpg,Common_Dandelion
254.jpg,Common_Dandelion
2776.jpg,Common_Dandelion
2778.jpg,Common_Dandelion
2922.jpg,Common_Dandelion
2929.jpg,Common_Dandelion
2956.jpg,Common_Dandelion
3146.jpg,Common_Dandelion
3157.jpg,Common_Dandelion
3331.jpg,Common_Dandelion
3334.jpg,Common_Dandelion
3540.jpg,Common_Dandelion
3551.jpg,Common_Dandelion
3556.jpg,Common_Dandelion
3718.jpg,Common_Dandelion
3731.jpg,Common_Dandelion
3734.jpg,Common_Dandelion
3956.jpg,Common_Dandelion
3970.jpg,Common_Dandelion
3973.jpg,Common_Dandelion
4113.jpg,Common_Dandelion
4124.jpg,Common_Dandelion
4129.jpg,Common_Dandelion
4362.jpg,Common_Dandelion
4367.jpg,Common_Dandelion
4495.jpg,Common_Dandelion
4507.jpg,Common_Dandelion
4723.jpg,Common_Dandelion
4725.jpg,Common_Dandelion
4896.jpg,Common_Dandelion
4905.jpg,Common_Dandelion
5109.jpg,Common_Dandelion
5115.jpg,Common_Dandelion
5286.jpg,Common_Dandelion
5298.jpg,Common_Dandelion
5510.jpg,Common_Dandelion
5523.jpg,Common_Dandelion
5658.jpg,Common_Dandelion
5664.jpg,Common_Dandelion
5898.jpg,Common_Dandelion
5907.jpg,Common_Dandelion
6056.jpg,Common_Dandelion
6058.jpg,Common_Dandelion
6738.jpg,Common_Dandelion
6764.jpg,Common_Dandelion
7016.jpg,Common_Dandelion
7208.jpg,Common_Dandelion
7313.jpg,Common_Dandelion
7353.jpg,Common_Dandelion
7358.jpg,Common_Dandelion
7376.jpg,Common_Dandelion
7516.jpg,Common_Dandelion
7588.jpg,Common_Dandelion
7696.jpg,Common_Dandelion
7744.jpg,Common_Dandelion
8029.jpg,Common_Dandelion
8249.jpg,Common_Dandelion
8377.jpg,Common_Dandelion
8414.jpg,Common_Dandelion
8732.jpg,Common_Dandelion
8896.jpg,Common_Dandelion
8994.jpg,Common_Dandelion
9029.jpg,Common_Dandelion
9082.jpg,Common_Dandelion
9098.jpg,Common_Dandelion
9298.jpg,Common_Dandelion
9450.jpg,Common_Dandelion
9527.jpg,Common_Dandelion
9633.jpg,Common_Dandelion
9744.jpg,Common_Dandelion
9753.jpg,Common_Dandelion
9776.jpg,Common_Dandelion
9939.jpg,Common_Dandelion
9986.jpg,Common_Dandelion
10082.jpg,Pink_Primrose
10108.jpg,Pink_Primrose
10144.jpg,Pink_Primrose
10227.jpg,Pink_Primrose
10320.jpg,Pink_Primrose
10327.jpg,Pink_Primrose
1039.jpg,Pink_Primrose
10466.jpg,Pink_Primrose
1048.jpg,Pink_Primrose
10621.jpg,Pink_Primrose
10799.jpg,Pink_Primrose
10952.jpg,Pink_Primrose
11009.jpg,Pink_Primrose
1108.jpg,Pink_Primrose
111.jpg,Pink_Primrose
1123.jpg,Pink_Primrose
1126.jpg,Pink_Primrose
11280.jpg,Pink_Primrose
11320.jpg,Pink_Primrose
114.jpg,Pink_Primrose
11487.jpg,Pink_Primrose
11504.jpg,Pink_Primrose
11577.jpg,Pink_Primrose
11807.jpg,Pink_Primrose
11884.jpg,Pink_Primrose
1190.jpg,Pink_Primrose
1199.jpg,Pink_Primrose
12064.jpg,Pink_Primrose
12396.jpg,Pink_Primrose
12495.jpg,Pink_Primrose
12630.jpg,Pink_Primrose
12654.jpg,Pink_Primrose
12658.jpg,Pink_Primrose
12696.jpg,Pink_Primrose
12766.jpg,Pink_Primrose
12810.jpg,Pink_Primrose
12865.jpg,Pink_Primrose
13152.jpg,Pink_Primrose
13153.jpg,Pink_Primrose
13228.jpg,Pink_Primrose
13267.jpg,Pink_Primrose
13356.jpg,Pink_Primrose
13419.jpg,Pink_Primrose
13420.jpg,Pink_Primrose
13432.jpg,Pink_Primrose
1351.jpg,Pink_Primrose
1354.jpg,Pink_Primrose
13568.jpg,Pink_Primrose
13583.jpg,Pink_Primrose
13599.jpg,Pink_Primrose
13606.jpg,Pink_Primrose
13608.jpg,Pink_Primrose
13743.jpg,Pink_Primrose
13793.jpg,Pink_Primrose
13930.jpg,Pink_Primrose
14026.jpg,Pink_Primrose
14070.jpg,Pink_Primrose
1418.jpg,Pink_Primrose
14200.jpg,Pink_Primrose
14240.jpg,Pink_Primrose
1427.jpg,Pink_Primrose
1436.jpg,Pink_Primrose
14378.jpg,Pink_Primrose
14501.jpg,Pink_Primrose
14786.jpg,Pink_Primrose
14818.jpg,Pink_Primrose
14867.jpg,Pink_Primrose
14953.jpg,Pink_Primrose
15025.jpg,Pink_Primrose
15077.jpg,Pink_Primrose
15341.jpg,Pink_Primrose
15455.jpg,Pink_Primrose
15568.jpg,Pink_Primrose
15575.jpg,Pink_Primrose
15630.jpg,Pink_Primrose
15972.jpg,Pink_Primrose
16238.jpg,Pink_Primrose
16339.jpg,Pink_Primrose
16434.jpg,Pink_Primrose
16608.jpg,Pink_Primrose
16674.jpg,Pink_Primrose
17009.jpg,Pink_Primrose
17038.jpg,Pink_Primrose
17042.jpg,Pink_Primrose
17148.jpg,Pink_Primrose
17258.jpg,Pink_Primrose
17405.jpg,Pink_Primrose
17470.jpg,Pink_Primrose
17524.jpg,Pink_Primrose
17677.jpg,Pink_Primrose
17759.jpg,Pink_Primrose
17783.jpg,Pink_Primrose
17845.jpg,Pink_Primrose
17848.jpg,Pink_Primrose
17885.jpg,Pink_Primrose
18067.jpg,Pink_Primrose
18162.jpg,Pink_Primrose
18302.jpg,Pink_Primrose
18428.jpg,Pink_Primrose
18471.jpg,Pink_Primrose
18513.jpg,Pink_Primrose
253.jpg,Pink_Primrose
262.jpg,Pink_Primrose
3.jpg,Pink_Primrose
329.jpg,Pink_Primrose
331.jpg,Pink_Primrose
365.jpg,Pink_Primrose
40.jpg,Pink_Primrose
408.jpg,Pink_Primrose
416.jpg,Pink_Primrose
44.jpg,Pink_Primrose
4644.jpg,Pink_Primrose
470.jpg,Pink_Primrose
4735.jpg,Pink_Primrose
4742.jpg,Pink_Primrose
479.jpg,Pink_Primrose
4879.jpg,Pink_Primrose
488.jpg,Pink_Primrose
4894.jpg,Pink_Primrose
4989.jpg,Pink_Primrose
5024.jpg,Pink_Primrose
5056.jpg,Pink_Primrose
5110.jpg,Pink_Primrose
5126.jpg,Pink_Primrose
5128.jpg,Pink_Primrose
5269.jpg,Pink_Primrose
5281.jpg,Pink_Primrose
5297.jpg,Pink_Primrose
5352.jpg,Pink_Primrose
5376.jpg,Pink_Primrose
5402.jpg,Pink_Primrose
5435.jpg,Pink_Primrose
5493.jpg,Pink_Primrose
5506.jpg,Pink_Primrose
5522.jpg,Pink_Primrose
5659.jpg,Pink_Primrose
5674.jpg,Pink_Primrose
5676.jpg,Pink_Primrose
5742.jpg,Pink_Primrose
5778.jpg,Pink_Primrose
5789.jpg,Pink_Primrose
5876.jpg,Pink_Primrose
5895.jpg,Pink_Primrose
604.jpg,Pink_Primrose
6069.jpg,Pink_Primrose
6076.jpg,Pink_Primrose
6165.jpg,Pink_Primrose
620.jpg,Pink_Primrose
6225.jpg,Pink_Primrose
6250.jpg,Pink_Primrose
630.jpg,Pink_Primrose
6325.jpg,Pink_Primrose
6377.jpg,Pink_Primrose
6517.jpg,Pink_Primrose
6559.jpg,Pink_Primrose
6713.jpg,Pink_Primrose
6783.jpg,Pink_Primrose
683.jpg,Pink_Primrose
6833.jpg,Pink_Primrose
6858.jpg,Pink_Primrose
687.jpg,Pink_Primrose
6881.jpg,Pink_Primrose
6957.jpg,Pink_Primrose
7029.jpg,Pink_Primrose
7082.jpg,Pink_Primrose
7090.jpg,Pink_Primrose
7116.jpg,Pink_Primrose
7430.jpg,Pink_Primrose
7446.jpg,Pink_Primrose
7557.jpg,Pink_Primrose
7564.jpg,Pink_Primrose
7591.jpg,Pink_Primrose
7615.jpg,Pink_Primrose
762.jpg,Pink_Primrose
766.jpg,Pink_Primrose
7697.jpg,Pink_Primrose
7742.jpg,Pink_Primrose
7779.jpg,Pink_Primrose
7789.jpg,Pink_Primrose
7794.jpg,Pink_Primrose
7832.jpg,Pink_Primrose
7862.jpg,Pink_Primrose
7864.jpg,Pink_Primrose
7959.jpg,Pink_Primrose
7978.jpg,Pink_Primrose
8086.jpg,Pink_Primrose
8187.jpg,Pink_Primrose
824.jpg,Pink_Primrose
8386.jpg,Pink_Primrose
8393.jpg,Pink_Primrose
841.jpg,Pink_Primrose
851.jpg,Pink_Primrose
8574.jpg,Pink_Primrose
8659.jpg,Pink_Primrose
8717.jpg,Pink_Primrose
8781.jpg,Pink_Primrose
8963.jpg,Pink_Primrose
8968.jpg,Pink_Primrose
9199.jpg,Pink_Primrose
9342.jpg,Pink_Primrose
9343.jpg,Pink_Primrose
9398.jpg,Pink_Primrose
9514.jpg,Pink_Primrose
9631.jpg,Pink_Primrose
964.jpg,Pink_Primrose
9643.jpg,Pink_Primrose
9654.jpg,Pink_Primrose
9661.jpg,Pink_Primrose
9674.jpg,Pink_Primrose
9700.jpg,Pink_Primrose
973.jpg,Pink_Primrose
982.jpg,Pink_Primrose
9859.jpg,Pink_Primrose
9896.jpg,Pink_Primrose
9913.jpg,Pink_Primrose
9963.jpg,Pink_Primrose
